session_id,age,gender,VVIQ1_1,VVIQ1_2,VVIQ1_3,VVIQ1_4,VVIQ2_1,VVIQ2_2,VVIQ2_3,VVIQ2_4,VVIQ3_1,VVIQ3_2,VVIQ3_3,VVIQ3_4,VVIQ4_1,VVIQ4_2,VVIQ4_3,VVIQ4_4,how_listening,where_listening,press_events,emotions_json,imagery,add_ons,song_id
ee988a8f816e408fa56391436f7a917a,25 - 34,Man,2,2,1,2,2,2,2,2,3,1,1,1,1,2,3,1,Speakers,At home with others,"{""items"":[{""key"":""E"",""time"":39.141334533691409,""index"":1},{""key"":""E"",""time"":49.54133224487305,""index"":2},{""key"":""E"",""time"":112.01066589355469,""index"":3}]}","{""items"":[{""index"":1,""emotion"":""Toggle Sad"",""intensity"":2,""valence"":3,""other_text"":""""},{""index"":2,""emotion"":""Toggle Nostalgia"",""intensity"":4,""valence"":2,""other_text"":""""},{""index"":3,""emotion"":""Toggle Neutral"",""intensity"":1,""valence"":3,""other_text"":""""}]}",,,sad
084dcb28b7fe482cbfcbb8aea9032b58,18 - 24,Man,4,4,3,3,5,4,3,4,3,3,4,5,3,3,4,4,Airpods,At home alone,"{""items"":[{""key"":""I"",""time"":13.378645896911621,""index"":1},{""key"":""I"",""time"":25.97864532470703,""index"":2},{""key"":""I"",""time"":29.3599796295166,""index"":3},{""key"":""E"",""time"":33.10931396484375,""index"":1},{""key"":""E"",""time"":43.65864562988281,""index"":2},{""key"":""E"",""time"":56.13864517211914,""index"":3},{""key"":""I"",""time"":57.94931411743164,""index"":4},{""key"":""E"",""time"":79.93864440917969,""index"":4},{""key"":""I"",""time"":81.97064208984375,""index"":5},{""key"":""E"",""time"":100.77064514160156,""index"":5}]}","{""items"":[]}",I saw a some soldiers marching and some riding horses. Perhaps on their way home from a victory in a battle,,happy
b19f9b4800b24aa8856d7b8da9d65e8d,25 - 34,Man,3,3,3,3,3,3,2,2,5,2,3,3,2,2,2,2,Speakers,At home alone,"{""items"":[{""key"":""E"",""time"":9.421333312988282,""index"":1},{""key"":""I"",""time"":19.250646591186525,""index"":1},{""key"":""E"",""time"":43.90131378173828,""index"":2},{""key"":""I"",""time"":45.69064712524414,""index"":2},{""key"":""E"",""time"":48.89066696166992,""index"":3},{""key"":""E"",""time"":55.50133514404297,""index"":4},{""key"":""E"",""time"":73.57064819335938,""index"":5},{""key"":""I"",""time"":95.29066467285156,""index"":3}]}","{""items"":[{""index"":1,""emotion"":""Toggle Sad"",""intensity"":3,""valence"":4,""other_text"":""""},{""index"":2,""emotion"":""Toggle Longing"",""intensity"":4,""valence"":4,""other_text"":""""},{""index"":3,""emotion"":""Toggle Happy"",""intensity"":4,""valence"":3,""other_text"":""""},{""index"":4,""emotion"":""Toggle Neutral"",""intensity"":3,""valence"":3,""other_text"":""""},{""index"":5,""emotion"":""Toggle Neutral"",""intensity"":3,""valence"":3,""other_text"":""""}]}","Looking at a sky from a cliffside where the sky changed from cloudy, to having rays of light breaking through, to a clear sky, and then again cloudy with rain.",,sad
0f38ca69a3a9433c895d7c0d5dde05fc,25 - 34,Woman,4,3,2,4,3,4,3,4,4,3,2,3,3,3,3,3,Headphones,At home with others,"{""items"":[{""key"":""I"",""time"":26.757333755493165,""index"":1},{""key"":""I"",""time"":33.96799850463867,""index"":2},{""key"":""E"",""time"":54.3573112487793,""index"":1},{""key"":""I"",""time"":79.7386474609375,""index"":3}]}","{""items"":[{""index"":1,""emotion"":""Toggle Nostalgia"",""intensity"":2,""valence"":5,""other_text"":""""}]}","It reminded me of a horse game I played when I was little. Also the Netflix series Bridgerton, so images of the two popped up in my head. Also thought of violins, since there is a violin in the song.",,sad
9e00570915f741c08d6f19dae02c556b,25 - 34,Man,4,2,1,3,3,4,3,4,1,2,4,3,2,3,2,3,Speakers,At home with others,"{""items"":[{""key"":""I"",""time"":10.058666229248047,""index"":1},{""key"":""I"",""time"":21.730667114257814,""index"":2},{""key"":""I"",""time"":26.018667221069337,""index"":3},{""key"":""I"",""time"":32.79999923706055,""index"":4},{""key"":""E"",""time"":44.33866500854492,""index"":1},{""key"":""I"",""time"":57.538665771484378,""index"":5},{""key"":""I"",""time"":65.77066802978516,""index"":6},{""key"":""I"",""time"":86.01866912841797,""index"":7},{""key"":""I"",""time"":95.49066925048828,""index"":8},{""key"":""I"",""time"":107.90933227539063,""index"":9}]}","{""items"":[{""index"":1,""emotion"":""Toggle Sad"",""intensity"":2,""valence"":3,""other_text"":""""}]}",A funeral prossecion.,,sad
1fb3f2cd2bb74ba3a6dd1f50b6274640,25 - 34,Man,3,4,2,4,4,3,4,4,5,3,4,4,4,3,3,3,Headphones,At home alone,"{""items"":[{""key"":""E"",""time"":7.800000190734863,""index"":1},{""key"":""I"",""time"":7.869333267211914,""index"":1},{""key"":""I"",""time"":29.06133270263672,""index"":2},{""key"":""E"",""time"":31.010665893554689,""index"":2},{""key"":""I"",""time"":43.141334533691409,""index"":3},{""key"":""I"",""time"":48.05066680908203,""index"":4},{""key"":""I"",""time"":52.4293327331543,""index"":5},{""key"":""E"",""time"":54.84000015258789,""index"":3},{""key"":""E"",""time"":59.58133316040039,""index"":4},{""key"":""E"",""time"":107.7413330078125,""index"":5},{""key"":""I"",""time"":108.78133392333985,""index"":6}]}","{""items"":[{""index"":1,""emotion"":""Toggle Nostalgia"",""intensity"":4,""valence"":4,""other_text"":""""},{""index"":2,""emotion"":""Toggle Longing"",""intensity"":3,""valence"":3,""other_text"":""""},{""index"":3,""emotion"":""Toggle Neutral"",""intensity"":3,""valence"":3,""other_text"":""""},{""index"":4,""emotion"":""Toggle Nostalgia"",""intensity"":4,""valence"":4,""other_text"":""""},{""index"":5,""emotion"":""Toggle Neutral"",""intensity"":3,""valence"":3,""other_text"":""""}]}","Images of old buildings, green pastures, flowing water in the woods. Sand dunes, horses riding",,happy
80a0bc56e72149718db7b4341ec32c81,18 - 24,Man,2,1,1,2,2,2,2,2,2,1,1,1,2,1,2,1,Headphones,At home alone,"{""items"":[{""key"":""I"",""time"":8.209322929382325,""index"":1},{""key"":""E"",""time"":25.829322814941408,""index"":1},{""key"":""E"",""time"":39.679988861083987,""index"":2},{""key"":""E"",""time"":67.66000366210938,""index"":3},{""key"":""E"",""time"":90.36933135986328,""index"":4},{""key"":""E"",""time"":107.04933166503906,""index"":5}]}","{""items"":[{""index"":1,""emotion"":""Toggle other"",""intensity"":2,""valence"":3,""other_text"":""""},{""index"":2,""emotion"":""Toggle other"",""intensity"":2,""valence"":3,""other_text"":""""},{""index"":3,""emotion"":""Toggle other"",""intensity"":2,""valence"":3,""other_text"":""""},{""index"":4,""emotion"":""Toggle other"",""intensity"":2,""valence"":3,""other_text"":""""},{""index"":5,""emotion"":""Toggle other"",""intensity"":2,""valence"":3,""other_text"":""""}]}","I saw a vague image of horses over the horizon, during a sunrise. Something like a hopeful start for some riders.",,happy
96ae42a8086445bb8bbb6783baa7f604,45 - 54,Man,4,4,4,4,4,4,4,4,4,4,4,4,4,4,4,4,Speakers,At home with others,"{""items"":[{""key"":""E"",""time"":28.399999618530275,""index"":1},{""key"":""I"",""time"":37.909332275390628,""index"":1},{""key"":""I"",""time"":52.47999954223633,""index"":2},{""key"":""E"",""time"":59.090667724609378,""index"":2},{""key"":""I"",""time"":63.57866668701172,""index"":3},{""key"":""I"",""time"":83.42931365966797,""index"":4},{""key"":""E"",""time"":84.3306655883789,""index"":3},{""key"":""I"",""time"":101.05867004394531,""index"":5},{""key"":""E"",""time"":103.2586669921875,""index"":4}]}","{""items"":[{""index"":1,""emotion"":""Toggle Nostalgia"",""intensity"":2,""valence"":4,""other_text"":""""},{""index"":2,""emotion"":""Toggle Happy"",""intensity"":2,""valence"":4,""other_text"":""""},{""index"":3,""emotion"":""Toggle Happy"",""intensity"":2,""valence"":4,""other_text"":""""},{""index"":4,""emotion"":""Toggle Nostalgia"",""intensity"":2,""valence"":4,""other_text"":""""}]}",People dancing,,happy
daa2748025df4f58af5a67314f786f11,18 - 24,Woman,5,5,3,5,5,5,5,5,5,5,5,5,5,5,5,5,Speakers,At home alone,"{""items"":[{""key"":""I"",""time"":3.9996371269226076,""index"":1},{""key"":""E"",""time"":7.337482929229736,""index"":1},{""key"":""I"",""time"":16.999887466430665,""index"":2},{""key"":""I"",""time"":31.248231887817384,""index"":3},{""key"":""I"",""time"":42.2893180847168,""index"":4},{""key"":""I"",""time"":50.73847961425781,""index"":5},{""key"":""I"",""time"":67.45974731445313,""index"":6},{""key"":""I"",""time"":82.88943481445313,""index"":7},{""key"":""I"",""time"":97.45993041992188,""index"":8},{""key"":""I"",""time"":112.22782135009766,""index"":9}]}","{""items"":[{""index"":1,""emotion"":""Toggle Sad"",""intensity"":5,""valence"":1,""other_text"":""""}]}","First I saw an elven like place like Rivendell from Lord of the Rings inbetween mountains, then it zoomed into a bedroom where a dead person was in the bed and a moarning elf sat beside. It went on to the funeral, walking down an aisle in an open space, but then ending up sitting at the front of a chruch hearing the preist talk. Then the elf was back home in his house moving round in his kitchen, then out walking his dog and visiting the grave, just experiencing greif through the whole process.",,sad
5c82689521ab4510ae02bb2257554eb0,25 - 34,Man,4,3,3,5,4,4,4,4,5,4,5,4,4,4,4,4,Headphones,At home with others,"{""items"":[{""key"":""I"",""time"":9.0,""index"":1},{""key"":""I"",""time"":47.86931228637695,""index"":2},{""key"":""I"",""time"":89.61064910888672,""index"":3}]}","{""items"":[]}","In the beginning it was something lost/defeated, imagery two and three were of someone dying/mourning. ",,sad
1c6fc2d6a8d24ba881f9668acd4a9a59,25 - 34,Woman,1,1,1,1,1,1,1,1,1,1,1,1,1,1,1,1,Headphones,At home with others,"{""items"":[{""key"":""E"",""time"":14.197333335876465,""index"":1},{""key"":""E"",""time"":30.23200035095215,""index"":2},{""key"":""E"",""time"":50.68000030517578,""index"":3},{""key"":""E"",""time"":55.3120002746582,""index"":4},{""key"":""E"",""time"":66.54666900634766,""index"":5},{""key"":""E"",""time"":70.69599914550781,""index"":6},{""key"":""E"",""time"":94.06400299072266,""index"":7},{""key"":""E"",""time"":110.37866973876953,""index"":8}]}","{""items"":[{""index"":1,""emotion"":""Toggle Sad"",""intensity"":3,""valence"":3,""other_text"":""""},{""index"":2,""emotion"":""Toggle Longing"",""intensity"":4,""valence"":2,""other_text"":""""},{""index"":3,""emotion"":""Toggle Sad"",""intensity"":4,""valence"":4,""other_text"":""""},{""index"":4,""emotion"":""Toggle Nostalgia"",""intensity"":3,""valence"":4,""other_text"":""""},{""index"":5,""emotion"":""Toggle Sad"",""intensity"":2,""valence"":3,""other_text"":""""},{""index"":6,""emotion"":""Toggle Longing"",""intensity"":4,""valence"":3,""other_text"":""""},{""index"":7,""emotion"":""Toggle Sad"",""intensity"":2,""valence"":3,""other_text"":""""},{""index"":8,""emotion"":""Toggle Longing"",""intensity"":4,""valence"":4,""other_text"":""""}]}",,"I only experienced 3 emotions, but cliked E when i thought the emotion changed from what it currently was.",sad
f7eda2686b08490296d7dbdf393f2c71,18 - 24,Woman,3,2,1,1,4,4,3,4,5,4,5,4,4,3,2,3,Speakers,At home with others,"{""items"":[{""key"":""I"",""time"":4.941312313079834,""index"":1},{""key"":""I"",""time"":9.93066692352295,""index"":2},{""key"":""I"",""time"":17.360000610351564,""index"":3},{""key"":""I"",""time"":30.450666427612306,""index"":4},{""key"":""E"",""time"":34.589332580566409,""index"":1},{""key"":""I"",""time"":55.58133316040039,""index"":5},{""key"":""I"",""time"":115.89066314697266,""index"":6}]}","{""items"":[{""index"":1,""emotion"":""Toggle Nostalgia"",""intensity"":3,""valence"":5,""other_text"":""""}]}",A big Ballroom. People dancing Waltz. Me Dancing. An Orchestra playing. Period Clothes. Characters from Brighton,,happy
688873f85ec8475d8f60d5db5d43754e,18 - 24,Man,2,2,2,2,2,2,1,2,2,1,2,2,1,1,2,1,Headphones,At home alone,"{""items"":[{""key"":""E"",""time"":5.039999961853027,""index"":1},{""key"":""I"",""time"":30.770666122436525,""index"":1},{""key"":""E"",""time"":45.98931121826172,""index"":2},{""key"":""E"",""time"":66.7413330078125,""index"":3},{""key"":""I"",""time"":80.90133666992188,""index"":2},{""key"":""E"",""time"":93.2106704711914,""index"":4},{""key"":""I"",""time"":104.80000305175781,""index"":3}]}","{""items"":[{""index"":1,""emotion"":""Toggle Sad"",""intensity"":5,""valence"":2,""other_text"":""""},{""index"":2,""emotion"":""Toggle Longing"",""intensity"":4,""valence"":2,""other_text"":""""},{""index"":3,""emotion"":""Toggle Happy"",""intensity"":4,""valence"":5,""other_text"":""""},{""index"":4,""emotion"":""Toggle Longing"",""intensity"":5,""valence"":1,""other_text"":""""}]}",First i saw a medieval castle under siege and the owner of the castle realized the battle was lost. Secondly i saw a banquet hall with a depressed victorian family. Thirdly and lastly i saw a wedding with a bride who was being married away for the sake of her family and not for love.,,sad
a4817e335304472bb24f4ca7c76be73b,25 - 34,Man,4,4,2,3,3,3,4,3,3,2,3,2,4,4,3,3,Speakers,At home alone,"{""items"":[{""key"":""I"",""time"":19.319978713989259,""index"":1},{""key"":""I"",""time"":45.94131088256836,""index"":2},{""key"":""I"",""time"":112.91999816894531,""index"":3}]}","{""items"":[]}",1: A castle at the country side of France. 2: Fields with crops in the middle ages. 3: A handmaiden inside a castle,GLHF,sad
8ff951bb5135414683619d4df8943e95,25 - 34,Man,4,4,3,4,4,4,4,4,4,4,3,4,5,4,4,3,Headphones,At home with others,"{""items"":[{""key"":""E"",""time"":2.938666582107544,""index"":1},{""key"":""I"",""time"":9.269332885742188,""index"":1},{""key"":""E"",""time"":18.439979553222658,""index"":2},{""key"":""I"",""time"":29.319978713989259,""index"":2},{""key"":""I"",""time"":35.749332427978519,""index"":3},{""key"":""E"",""time"":39.62933349609375,""index"":3},{""key"":""I"",""time"":57.749332427978519,""index"":4},{""key"":""E"",""time"":62.20800018310547,""index"":4},{""key"":""I"",""time"":85.9280014038086,""index"":5},{""key"":""E"",""time"":104.13866424560547,""index"":5}]}","{""items"":[{""index"":1,""emotion"":""Toggle other"",""intensity"":3,""valence"":5,""other_text"":""""},{""index"":2,""emotion"":""Toggle other"",""intensity"":5,""valence"":3,""other_text"":""""},{""index"":3,""emotion"":""Toggle Happy"",""intensity"":5,""valence"":5,""other_text"":""""},{""index"":4,""emotion"":""Toggle Nostalgia"",""intensity"":3,""valence"":4,""other_text"":""""},{""index"":5,""emotion"":""Toggle Neutral"",""intensity"":2,""valence"":3,""other_text"":""""}]}","the start of a journey, going through a forrest, from the perspective of a bird. lush green trees. following into the next image still from a birds perspective but going over a mountains edge an diving with quick movements between rocks. into a little medieval village. with a market square. lots of people. and ending at a quite house  ",,happy
e83f80b4e18c4191ab764abfa9710e7b,25 - 34,Woman,4,5,2,5,4,4,3,2,5,3,3,4,5,4,5,4,Speakers,At home with others,"{""items"":[{""key"":""E"",""time"":4.127999782562256,""index"":1},{""key"":""I"",""time"":6.498645782470703,""index"":1},{""key"":""E"",""time"":16.738645553588868,""index"":2},{""key"":""E"",""time"":28.498645782470704,""index"":3},{""key"":""I"",""time"":30.7893123626709,""index"":2},{""key"":""E"",""time"":47.069332122802737,""index"":4},{""key"":""I"",""time"":68.3386459350586,""index"":3},{""key"":""I"",""time"":72.67997741699219,""index"":4},{""key"":""E"",""time"":93.28800201416016,""index"":5},{""key"":""I"",""time"":107.60797882080078,""index"":5},{""key"":""E"",""time"":113.41866302490235,""index"":6},{""key"":""I"",""time"":113.80799865722656,""index"":6}]}","{""items"":[{""index"":1,""emotion"":""Toggle other"",""intensity"":4,""valence"":5,""other_text"":""""},{""index"":2,""emotion"":""Toggle Sad"",""intensity"":2,""valence"":3,""other_text"":""""},{""index"":3,""emotion"":""Toggle Happy"",""intensity"":3,""valence"":5,""other_text"":""""},{""index"":4,""emotion"":""Toggle other"",""intensity"":4,""valence"":5,""other_text"":""""},{""index"":5,""emotion"":""Toggle Neutral"",""intensity"":3,""valence"":4,""other_text"":""""},{""index"":6,""emotion"":""Toggle other"",""intensity"":4,""valence"":4,""other_text"":""""}]}","Lone mountain with lake in front (sky reflected), dark colours with people (Harry Potter 7 like), old train ride through nature, a violinist playing (focus on the bow arm), can't remeber the rest","Very hard test (memory-wise), a bit unclear in scenarios",sad
9fc166f9046c4c7e9908dc9f13fce575,18 - 24,Man,4,4,3,4,3,3,4,4,4,4,3,4,3,3,3,2,Headphones,At home alone,"{""items"":[{""key"":""I"",""time"":31.57866668701172,""index"":1},{""key"":""I"",""time"":45.847999572753909,""index"":2},{""key"":""I"",""time"":60.298667907714847,""index"":3},{""key"":""E"",""time"":108.44000244140625,""index"":1}]}","{""items"":[{""index"":1,""emotion"":""Toggle other"",""intensity"":3,""valence"":3,""other_text"":""""}]}",Weird thing i was imagining the game limbo. Even though the game soundtrack of that story is not like the sound presentet here.  ,,sad
58eed68ce5434459b9043238b19e1d56,45 - 54,Woman,4,4,3,4,4,3,3,4,3,2,2,2,3,3,3,4,Airpods,At home with others,"{""items"":[{""key"":""E"",""time"":8.533312797546387,""index"":1}]}","{""items"":[{""index"":1,""emotion"":""Toggle Happy"",""intensity"":3,""valence"":4,""other_text"":""""}]}",,,happy
c7d861a5ecbb487ba05f46b30826f244,45 - 54,Woman,3,3,4,5,5,5,5,2,4,2,4,4,4,3,3,5,Headphones,At home alone,"{""items"":[{""key"":""E"",""time"":4.541333198547363,""index"":1},{""key"":""I"",""time"":6.850666522979736,""index"":1},{""key"":""E"",""time"":16.200000762939454,""index"":2},{""key"":""E"",""time"":27.269332885742189,""index"":3},{""key"":""I"",""time"":31.280000686645509,""index"":2},{""key"":""E"",""time"":33.37066650390625,""index"":4},{""key"":""I"",""time"":35.46933364868164,""index"":3},{""key"":""E"",""time"":40.410667419433597,""index"":5},{""key"":""I"",""time"":47.52000045776367,""index"":4},{""key"":""I"",""time"":57.84000015258789,""index"":5},{""key"":""E"",""time"":66.58133697509766,""index"":6},{""key"":""I"",""time"":82.90933227539063,""index"":6},{""key"":""I"",""time"":97.5893325805664,""index"":7}]}","{""items"":[{""index"":1,""emotion"":""Toggle Happy"",""intensity"":5,""valence"":5,""other_text"":""""},{""index"":2,""emotion"":""Toggle Happy"",""intensity"":5,""valence"":5,""other_text"":""""},{""index"":3,""emotion"":""Toggle Happy"",""intensity"":5,""valence"":5,""other_text"":""""},{""index"":4,""emotion"":""Toggle Happy"",""intensity"":5,""valence"":5,""other_text"":""""},{""index"":5,""emotion"":""Toggle Happy"",""intensity"":5,""valence"":5,""other_text"":""""},{""index"":6,""emotion"":""Toggle Happy"",""intensity"":5,""valence"":5,""other_text"":""""}]}","Til at starte med så jeg natur. Lige som søen jeg skulle visualisere. Men herefter så jeg en drage. Der kom en drage senere igen, og jeg kan ikke huske hvornår den kom. Men det var både en rød og en grøn drage. Jeg tror at den røde kom først. Men jeg var også ude at flyve med min bande af engle, som kommer når jeg har brug for dem. Det var vist et af de sidste billeder. Før det var der et mærkeligt billede af en fugl der var farverig, dog mest i gul. ","Der skal nok større nuancer til, for at jeg ikke bare bliver glad i låget over at høre musik...",happy
82065837faa941f5829797199ecea6fe,18 - 24,Man,3,2,3,4,4,4,4,3,2,3,4,4,3,4,3,4,Speakers,At home with others,"{""items"":[{""key"":""I"",""time"":8.938666343688965,""index"":1},{""key"":""I"",""time"":11.48799991607666,""index"":2},{""key"":""I"",""time"":12.543978691101075,""index"":3},{""key"":""I"",""time"":13.087979316711426,""index"":4},{""key"":""I"",""time"":13.290645599365235,""index"":5},{""key"":""I"",""time"":13.759979248046875,""index"":6},{""key"":""I"",""time"":14.144000053405762,""index"":7},{""key"":""I"",""time"":22.623979568481447,""index"":8},{""key"":""I"",""time"":29.79197883605957,""index"":9},{""key"":""I"",""time"":34.12264633178711,""index"":10},{""key"":""I"",""time"":34.389312744140628,""index"":11},{""key"":""I"",""time"":34.57064437866211,""index"":12},{""key"":""I"",""time"":34.74131393432617,""index"":13},{""key"":""I"",""time"":34.90131378173828,""index"":14},{""key"":""I"",""time"":35.071998596191409,""index"":15},{""key"":""I"",""time"":35.21066665649414,""index"":16},{""key"":""I"",""time"":35.35997772216797,""index"":17},{""key"":""I"",""time"":35.50931167602539,""index"":18},{""key"":""I"",""time"":35.62666702270508,""index"":19},{""key"":""I"",""time"":36.02131271362305,""index"":20},{""key"":""I"",""time"":36.15998077392578,""index"":21},{""key"":""I"",""time"":36.405311584472659,""index"":22},{""key"":""I"",""time"":36.57597732543945,""index"":23},{""key"":""I"",""time"":36.725311279296878,""index"":24},{""key"":""I"",""time"":58.858646392822269,""index"":25},{""key"":""I"",""time"":95.7760009765625,""index"":26}]}","{""items"":[]}","When listening, i saw a battlefield like in star wars, with clones on each side fighting, then it changed to a won battle and people celebrating, i saw a war hero claim a wife, and them living happy ever after.",When testing it was confusing because you get 0 output when you press 'e' or 'i'. :),happy
2b4cc091e1b64c45bc253fbf97fdb0cd,25 - 34,Woman,3,3,3,3,3,3,3,3,3,3,3,3,3,3,3,3,Headphones,At home alone,"{""items"":[{""key"":""I"",""time"":7.487978935241699,""index"":1},{""key"":""E"",""time"":16.71997833251953,""index"":1},{""key"":""I"",""time"":40.84798049926758,""index"":2},{""key"":""I"",""time"":59.29864501953125,""index"":3},{""key"":""I"",""time"":118.1386489868164,""index"":4}]}","{""items"":[{""index"":1,""emotion"":""Toggle Happy"",""intensity"":2,""valence"":5,""other_text"":""""}]}","Orchestra, Flowerfield, Dancing, Sims 4",,happy
2a9573bd9d24407f913663efeb68d4ac,25 - 34,Man,2,1,3,2,2,3,2,2,3,2,3,3,3,2,2,3,Speakers,At home with others,"{""items"":[{""key"":""E"",""time"":7.7226667404174809,""index"":1},{""key"":""E"",""time"":24.672000885009767,""index"":2},{""key"":""E"",""time"":34.35200119018555,""index"":3},{""key"":""I"",""time"":45.487998962402347,""index"":1},{""key"":""E"",""time"":57.52000045776367,""index"":4},{""key"":""I"",""time"":106.86933135986328,""index"":2},{""key"":""E"",""time"":111.5893325805664,""index"":5}]}","{""items"":[{""index"":1,""emotion"":""Toggle other"",""intensity"":4,""valence"":5,""other_text"":""""},{""index"":2,""emotion"":""Toggle Happy"",""intensity"":4,""valence"":5,""other_text"":""""},{""index"":3,""emotion"":""Toggle other"",""intensity"":3,""valence"":4,""other_text"":""""},{""index"":4,""emotion"":""Toggle Happy"",""intensity"":3,""valence"":5,""other_text"":""""},{""index"":5,""emotion"":""Toggle Longing"",""intensity"":4,""valence"":4,""other_text"":""""}]}",Initially imagined a garden in front of a castle-like building. French inspired I think. Imagined viewing the nature in the garden on a sunny day. For the second imagery I imagined flying through the sky on the back of a dragon. Or perhaps viewing from the outside someone else flying on the back of a dragon high in the sky.,"Was a little hard to keep track of which emotion was which in the questionnaire, but I only had five reported so in the end I was able to recall it :) Great idea for an alternative and self hosted questionnaire!",happy
ab89c8aa48874e369d5ec5dd2fc70d17,18 - 24,Woman,3,4,3,4,4,5,2,3,5,3,4,5,4,3,3,5,Speakers,At home alone,"{""items"":[{""key"":""E"",""time"":5.082666873931885,""index"":1},{""key"":""I"",""time"":18.76799964904785,""index"":1},{""key"":""I"",""time"":30.23466682434082,""index"":2},{""key"":""E"",""time"":41.86666488647461,""index"":2},{""key"":""I"",""time"":50.117332458496097,""index"":3},{""key"":""E"",""time"":63.301334381103519,""index"":3},{""key"":""E"",""time"":108.90133666992188,""index"":4}]}","{""items"":[{""index"":1,""emotion"":""Toggle Longing"",""intensity"":5,""valence"":3,""other_text"":""""},{""index"":2,""emotion"":""Toggle other"",""intensity"":2,""valence"":3,""other_text"":""""},{""index"":3,""emotion"":""Toggle Sad"",""intensity"":4,""valence"":3,""other_text"":""""},{""index"":4,""emotion"":""Toggle Nostalgia"",""intensity"":2,""valence"":3,""other_text"":""""}]}","(1) While listening, I slowly started seeing a crowd of people appear. Everyone felt very in their own head, kind of present but not really there. The background also became clearer, it was a natural landscape, old ruins, and the sun coming through the clouds (maybe connected to the questions from earlier?). I started feeling a bit scared, like something was ending. (2) Then we started dancing. It reminded me of Swan Lake. The background was different, but we all stayed in the same emotional state. I felt this strong longing for something. I could see that feeling on my own face and on my friend’s too. It got quite sad, and at some point I closed my eyes while dancing. (3) I started imagining moments from the past, but only for a bit, because the music stopped.",Good luck with the assignment!,sad
a12358b225434f8b96428be79788ba32,25 - 34,Non-binary,5,5,4,5,5,5,5,4,5,4,5,4,4,5,5,4,Speakers,At home with others,"{""items"":[{""key"":""I"",""time"":3.9093332290649416,""index"":1},{""key"":""E"",""time"":18.51997947692871,""index"":1},{""key"":""E"",""time"":30.570646286010743,""index"":2},{""key"":""I"",""time"":47.94931411743164,""index"":2},{""key"":""I"",""time"":74.94931030273438,""index"":3},{""key"":""E"",""time"":100.68000030517578,""index"":3}]}","{""items"":[{""index"":1,""emotion"":""Toggle Nostalgia"",""intensity"":4,""valence"":4,""other_text"":""""},{""index"":2,""emotion"":""Toggle Sad"",""intensity"":4,""valence"":2,""other_text"":""""},{""index"":3,""emotion"":""Toggle Neutral"",""intensity"":3,""valence"":3,""other_text"":""""}]}","A solemn village with no people outside. A lot of green around the city, the roofs made of hay. Some wind made the hayroof move.",,sad
7c5c403028b146878a8479c1befba5cb,45 - 54,Man,4,4,3,4,2,2,2,2,3,2,3,3,2,2,2,2,Speakers,At home alone,"{""items"":[{""key"":""I"",""time"":9.970645904541016,""index"":1},{""key"":""I"",""time"":35.658668518066409,""index"":2},{""key"":""E"",""time"":56.15998077392578,""index"":1},{""key"":""I"",""time"":63.4293327331543,""index"":3},{""key"":""E"",""time"":81.34933471679688,""index"":2},{""key"":""E"",""time"":99.69866943359375,""index"":3},{""key"":""I"",""time"":103.81866455078125,""index"":4}]}","{""items"":[{""index"":1,""emotion"":""Toggle Happy"",""intensity"":3,""valence"":5,""other_text"":""""},{""index"":2,""emotion"":""Toggle other"",""intensity"":3,""valence"":2,""other_text"":""""},{""index"":3,""emotion"":""Toggle Happy"",""intensity"":2,""valence"":4,""other_text"":""""}]}",1: The intro image of a MARVEL movie (Letters MARVEL with pictures) 2: A woman playing the violin intensive and passionate. 3: A glimse of the sun rising. 4: A woman playing the violin while sitting af moving her head as she was deep connectet to the music.,,happy
aaa5a58b5b9943fea24c32807472c30a,18 - 24,Man,5,5,5,5,4,5,5,5,5,5,5,5,4,5,4,4,Speakers,At home alone,"{""items"":[{""key"":""I"",""time"":5.029333114624023,""index"":1},{""key"":""I"",""time"":25.498666763305665,""index"":2},{""key"":""I"",""time"":40.28797912597656,""index"":3},{""key"":""I"",""time"":58.77866744995117,""index"":4},{""key"":""I"",""time"":100.48799896240235,""index"":5}]}","{""items"":[]}","When listening I saw myself as a part of a big audience, sitting in a theater, listening and watching an orchestra",,happy
3b3b17d60a94427695625b85a0562ad8,25 - 34,Man,4,4,3,5,4,4,4,3,5,3,4,4,2,2,2,2,Headphones,At home with others,"{""items"":[{""key"":""E"",""time"":7.799979209899902,""index"":1},{""key"":""E"",""time"":17.0,""index"":2},{""key"":""E"",""time"":30.799978256225587,""index"":3},{""key"":""E"",""time"":42.8399772644043,""index"":4},{""key"":""E"",""time"":53.2399787902832,""index"":5},{""key"":""E"",""time"":93.5999755859375,""index"":6}]}","{""items"":[{""index"":1,""emotion"":""Toggle Longing"",""intensity"":3,""valence"":5,""other_text"":""""},{""index"":2,""emotion"":""Toggle Longing"",""intensity"":3,""valence"":5,""other_text"":""""},{""index"":3,""emotion"":""Toggle Longing"",""intensity"":3,""valence"":5,""other_text"":""""},{""index"":4,""emotion"":""Toggle Longing"",""intensity"":3,""valence"":5,""other_text"":""""},{""index"":5,""emotion"":""Toggle Longing"",""intensity"":3,""valence"":5,""other_text"":""""},{""index"":6,""emotion"":""Toggle Longing"",""intensity"":3,""valence"":5,""other_text"":""""}]}",,,sad
1e626ca65c49487ba612792338bc2bc5,55 - 64,Woman,3,3,2,4,4,4,3,4,3,3,4,4,4,4,3,2,Headphones,At home with others,"{""items"":[{""key"":""E"",""time"":4.858645915985107,""index"":1},{""key"":""I"",""time"":22.3599796295166,""index"":1},{""key"":""I"",""time"":36.03997802734375,""index"":2},{""key"":""I"",""time"":59.84000015258789,""index"":3},{""key"":""E"",""time"":101.83999633789063,""index"":2},{""key"":""I"",""time"":113.28797912597656,""index"":4}]}","{""items"":[{""index"":1,""emotion"":""Toggle Happy"",""intensity"":4,""valence"":5,""other_text"":""""},{""index"":2,""emotion"":""Toggle other"",""intensity"":5,""valence"":3,""other_text"":""""}]}",A person dancing. The violinists playing. Several persons dancing together. The entire orchester playing. ,I couldn't see the letters duing the music - I might have indicated more emotions? The last emotion was business/rushing. ,happy
adbd4f98a6a0447cb7f26382f7451157,55 - 64,Man,3,3,2,2,4,3,4,3,5,3,4,4,2,2,3,2,Speakers,At home alone,"{""items"":[{""key"":""I"",""time"":8.847979545593262,""index"":1},{""key"":""I"",""time"":50.57866668701172,""index"":2},{""key"":""E"",""time"":81.53864288330078,""index"":1},{""key"":""I"",""time"":102.65864562988281,""index"":3},{""key"":""E"",""time"":116.24797821044922,""index"":2}]}","{""items"":[{""index"":1,""emotion"":""Toggle Happy"",""intensity"":2,""valence"":4,""other_text"":""""},{""index"":2,""emotion"":""Toggle Happy"",""intensity"":2,""valence"":4,""other_text"":""""}]}",Steamtrain on bridge - on prarie - crossing a bridge over a lake,,happy
377c1e366d3d4b15913c2502932ec3b4,55 - 64,Man,4,3,4,4,5,4,5,5,4,3,4,5,4,4,4,4,Headphones,At home with others,"{""items"":[{""key"":""E"",""time"":10.994648933410645,""index"":1},{""key"":""I"",""time"":21.118549346923829,""index"":1},{""key"":""E"",""time"":32.25251770019531,""index"":2},{""key"":""E"",""time"":32.432472229003909,""index"":3},{""key"":""E"",""time"":46.1902961730957,""index"":4},{""key"":""I"",""time"":55.687255859375,""index"":2},{""key"":""I"",""time"":73.27637481689453,""index"":3},{""key"":""E"",""time"":84.15492248535156,""index"":5},{""key"":""I"",""time"":93.13523864746094,""index"":4},{""key"":""I"",""time"":100.37406158447266,""index"":5},{""key"":""E"",""time"":107.44453430175781,""index"":6}]}","{""items"":[{""index"":1,""emotion"":""Toggle Happy"",""intensity"":4,""valence"":4,""other_text"":""""},{""index"":2,""emotion"":""Toggle Happy"",""intensity"":3,""valence"":4,""other_text"":""""},{""index"":3,""emotion"":""Toggle Happy"",""intensity"":4,""valence"":4,""other_text"":""""},{""index"":4,""emotion"":""Toggle Happy"",""intensity"":3,""valence"":4,""other_text"":""""},{""index"":5,""emotion"":""Toggle Happy"",""intensity"":3,""valence"":4,""other_text"":""""},{""index"":6,""emotion"":""Toggle Happy"",""intensity"":4,""valence"":4,""other_text"":""""}]}","solopgang ,åbne enge, heste,udsigt over hav , å med vand",,happy
a90f7af40f87414fa74465a1f88c7bbb,35 - 44,Man,5,5,4,5,4,4,4,4,4,4,4,5,5,5,5,5,Speakers,At home alone,"{""items"":[{""key"":""E"",""time"":5.0,""index"":1},{""key"":""I"",""time"":13.810667037963868,""index"":1},{""key"":""I"",""time"":41.10931396484375,""index"":2},{""key"":""E"",""time"":46.49866485595703,""index"":2},{""key"":""I"",""time"":59.21066665649414,""index"":3}]}","{""items"":[{""index"":1,""emotion"":""Toggle Happy"",""intensity"":4,""valence"":2,""other_text"":""""},{""index"":2,""emotion"":""Toggle Nostalgia"",""intensity"":3,""valence"":3,""other_text"":""""}]}","A bike ride through the country-side on a spring evening. It's warm, but not hot; Pleasant. Going fast. The air feels good on my skin.",Oh there were more images.... One was of young lovers running through a field and meadow landscape.,happy
588603ddbb0742f1bbe694d33c70198a,25 - 34,Man,3,3,2,3,3,2,3,2,3,2,2,3,3,3,3,3,Headphones,At home alone,"{""items"":[{""key"":""E"",""time"":5.950113296508789,""index"":1},{""key"":""E"",""time"":16.860567092895509,""index"":2},{""key"":""I"",""time"":28.06129264831543,""index"":1},{""key"":""E"",""time"":41.67108917236328,""index"":3},{""key"":""I"",""time"":76.14984130859375,""index"":2},{""key"":""E"",""time"":106.41122436523438,""index"":4}]}","{""items"":[{""index"":1,""emotion"":""Toggle Nostalgia"",""intensity"":3,""valence"":4,""other_text"":""""},{""index"":2,""emotion"":""Toggle Nostalgia"",""intensity"":4,""valence"":4,""other_text"":""""},{""index"":3,""emotion"":""Toggle Sad"",""intensity"":2,""valence"":3,""other_text"":""""},{""index"":4,""emotion"":""Toggle Sad"",""intensity"":3,""valence"":4,""other_text"":""""}]}",a coastline with ships in its waters,,sad